Rank,Brand,Category,Main City,Website,Instagram,Facebook,X (Twitter),Status/Notes
1,Khaadi,Fashion,Karachi,https://www.khaadi.com,https://www.instagram.com/khaadi/ (6M followers),https://www.facebook.com/khaadi/ (run by Khaadi Pakistan SMC-Pvt Ltd),Not found,Confirmed - IG/FB verified official
2,Sapphire,Fashion,Lahore,https://pk.sapphireonline.pk,https://www.instagram.com/sapphirepakistan/ (2.9M followers),https://www.facebook.com/sapphireofficial/ (2M likes),Not found,Confirmed - IG/FB verified official
3,Gul Ahmed,Fashion,Karachi,https://www.gulahmedshop.com,Not confirmed (only sub-accounts found e.g. Gul Ahmed Men),https://www.facebook.com/GulahmedFashion/ (2.99M likes - links to gulahmedshop.com),https://x.com/GulahmedFashion (10K followers),Partially confirmed - FB/X yes
4,Nishat Linen,Fashion,Lahore,https://nishatlinen.com,https://www.instagram.com/nishatlinen/ (3M followers),https://www.facebook.com/NishatLinen/ (2.5M likes - links to nishatlinen.com),Not found,Confirmed - IG/FB verified official
5,Bonanza Satrangi,Fashion,Lahore,https://bonanzasatrangi.com,https://www.instagram.com/bonanzaofficial/ (3M followers),https://www.facebook.com/bonanzagt/ (2.6M likes - links to bonanzasatrangi.com),Not found,Confirmed - IG/FB verified official
6,Alkaram Studio,Fashion,Karachi,https://www.alkaramstudio.com,https://www.instagram.com/official.alkaram/,https://www.facebook.com/OfficialAlkaram/,Not checked,Confirmed prior session - IG/FB
7,Junaid Jamshed (J.),Fashion,Islamabad,https://www.junaidjamshed.com,https://www.instagram.com/j.junaidjamshed/,https://www.facebook.com/j.junaidjamshed/,Not checked,Confirmed prior session - IG/FB
8,Sana Safinaz,Fashion,Karachi,https://sanasafinaz.com,Not verified,Not verified,Not found,Verified live (prior batch)
9,Outfitters,Fashion,Lahore,https://outfitters.com.pk,https://www.instagram.com/outfitters_pk/ (2M followers),https://www.facebook.com/outfitterspk/ (2.7M likes),Not found,Confirmed - IG/FB verified official
10,Breakout,Fashion,Lahore,https://www.breakout.com.pk,https://www.instagram.com/breakoutpakistan/,Not checked this pass,Not checked,IG confirmed; FB pending
11,Edenrobe,Fashion,Karachi,https://edenrobe.com,https://www.instagram.com/edenrobe/ (per official Linktree),https://www.facebook.com/edenrobe/ (1.69M likes - links to edenrobe.com),Not found,Confirmed - IG/FB verified official
12,Leisure Club,Fashion,Lahore,https://www.leisureclub.pk,Not checked this pass,https://www.facebook.com/leisureclubpk/,Not checked,FB confirmed; IG pending
13,Chinyere,Fashion,Lahore,https://chinyere.pk,Not verified,Not verified,Not found,Not verified this pass
14,Maria B,Fashion,Lahore,https://mariab.pk,Not verified,Not verified,Not found,Not verified this pass
15,Zellbury,Fashion,Lahore,https://zellbury.com,https://www.instagram.com/zellbury/ (2M followers),https://www.facebook.com/Zellbury/ (969K likes),Not found,Confirmed - IG/FB verified official
16,Ego,Fashion,Lahore,https://wearego.com,https://www.instagram.com/wear.ego/ (1M followers),https://www.facebook.com/wear.your.ego/ (1.64M likes - uses cs@wearego.com),https://x.com/wear_ego,Confirmed - IG/FB/X verified official
17,Limelight,Fashion,Lahore,https://www.limelight.pk,https://www.instagram.com/limelight.pret/ (5M followers),https://www.facebook.com/limelight.pret/ (2.3M likes - links to limelight.pk),Not found,Confirmed - IG/FB verified official
18,Beechtree,Fashion,Lahore,https://beechtree.pk,https://www.instagram.com/beechtree_pk/ (3M followers),https://www.facebook.com/beechtreepk/ (1.27M likes),Not found,Confirmed - IG/FB verified official
19,Sifona,Fashion,Karachi,https://www.sifona.com,https://www.instagram.com/sifonacollections/,https://www.facebook.com/sifonacollections/ (719K likes),Not found,Confirmed - IG/FB verified official (note: same handle for both)
20,Diners,Fashion,Karachi,https://diners.com.pk,Linked from site but exact handle not independently confirmed,https://www.facebook.com/Diners/ (738K likes),https://x.com/the_diners_shop (small/inactive - low confidence),FB confirmed; IG needs manual check
21,Charcoal,Fashion,Lahore,https://charcoal.com.pk,https://www.instagram.com/charcoal.official/ (418K followers),https://www.facebook.com/charcoal.officialpage/ (672K likes),Not found,Confirmed - IG/FB verified official
22,Bareeze,Fashion,Lahore,https://bareeze.com,Not verified this pass,Not verified this pass,Not verified this pass,Not verified this pass
23,Firdous,Fashion,Faisalabad,https://firdous.com,Not verified this pass,Not verified this pass,Not verified this pass,Not verified this pass
24,Warda,Fashion,Lahore,https://warda.com.pk,Not verified this pass,Not verified this pass,Not verified this pass,Not verified this pass
25,Republic by Omar Farooq,Fashion,Lahore,https://republic.com.pk,Not verified this pass,Not verified this pass,Not verified this pass,Not verified this pass
26,Cambridge,Fashion,Lahore,https://cambridge.com.pk,Not verified this pass,Not verified this pass,Not verified this pass,Not verified this pass
27,Cotton Ginny,Fashion,Lahore,https://cottonginny.pk,Not verified this pass,Not verified this pass,Not verified this pass,Not verified this pass
28,Kayseria,Fashion,Lahore,https://kayseria.com,Not verified this pass,Not verified this pass,Not verified this pass,Not verified this pass
29,Shahnameh,Fashion,Lahore,https://sefam.com/pages/shahnameh,Not verified this pass,Not verified this pass,Not verified this pass,Not verified this pass
30,Generation,Fashion,Lahore,https://generation.com.pk,https://www.instagram.com/generation_pk/ (2M followers),https://www.facebook.com/generationpk/ (1.03M likes - explicitly links to IG),Not verified this pass,Confirmed - IG/FB verified official
31,Amir Adnan,Fashion,Islamabad,https://www.amiradnan.com,https://www.instagram.com/amiradnanofficial/ (204K followers),https://www.facebook.com/amiradnanofficial/,Not found,Confirmed - IG/FB verified official
32,Élan,Fashion,Lahore,https://elan.pk,Not verified,Not verified,Not found,Not verified this pass
33,Rastah,Fashion,Lahore,https://pk.rastah.co,https://www.instagram.com/rastahofficial/ (313K followers),https://www.facebook.com/rastahofficial/ (22K likes),Not found,Confirmed - IG/FB verified official
34,LAMA,Fashion,Lahore,https://pk.lamaretail.com,https://www.instagram.com/lamaretail/,Not checked this pass,Not checked,IG confirmed; FB pending
35,Insignia,Fashion/Footwear,Lahore,https://insignia.com.pk,https://www.instagram.com/insignia_shoes/ (1M followers),https://www.facebook.com/InsigniaShoes/ (1.03M likes),Not found,Confirmed - IG/FB verified official
36,Bata Pakistan,Footwear,Lahore,https://www.bata.com.pk,https://www.instagram.com/batapk/ (317K followers),https://www.facebook.com/BataHomePK (9.7M likes),https://twitter.com/BataPakistanLtd,Confirmed via Bata's own LinkedIn listing - IG/FB/X
37,Servis,Footwear,Lahore,https://servis.pk,https://www.instagram.com/servis.shoes/,https://www.facebook.com/Servis.Shoes/,Not checked,Confirmed prior session - IG/FB
38,Stylo Shoes,Footwear,Lahore,https://stylo.pk,https://www.instagram.com/stylopk/ (3M followers),https://www.facebook.com/StyloShoes/ (2.78M likes),Not found,Confirmed - IG/FB verified official
39,Metro Shoes,Footwear,Karachi,https://www.metroshoes.com.pk,Not checked this pass,https://www.facebook.com/metroshoesofficial/,Not checked,FB confirmed; IG pending
40,Borjan,Footwear,Lahore,https://www.borjan.com.pk,https://www.instagram.com/borjanshoes/ (per Borjan's official Aftership listing),https://www.facebook.com/BorjanShoes/ (1.49M likes),Not found,Confirmed - IG/FB verified official
41,Ndure,Footwear,Lahore,https://ndure.com,https://www.instagram.com/ndurepakistan/,https://www.facebook.com/NDUREPakistan/ (1.02M likes),https://x.com/NdurePakistan (links to ndure.com),Confirmed - IG/FB/X verified official
42,Hush Puppies Pakistan,Footwear,Lahore,https://www.hushpuppies.com.pk,https://www.instagram.com/hushpuppiespakistan/ (278K followers),https://www.facebook.com/HushPuppiesPakistan/ (890K likes - run by Firhaj Footwear),https://x.com/hushpuppiespak,Confirmed - IG/FB/X verified official
43,Cougar,Footwear,Lahore,https://cougar.com.pk,https://www.instagram.com/cougar.clothing/ (498K followers),https://www.facebook.com/cougar.clothing/ (696K likes),Not found,Confirmed - IG/FB verified official
44,Hub,Footwear,Karachi,https://hub.com.pk,Not verified this pass,Not verified this pass,Not verified this pass,Not verified this pass
45,Chase Value,Footwear,Karachi,https://chasevalue.com,Not verified this pass,Not verified this pass,Not verified this pass,Not verified this pass
46,English Boot House,Footwear,Karachi,https://englishboothouse.com,Not verified this pass,Not verified this pass,Not verified this pass,Not verified this pass
47,Cheezious,Food,Lahore,https://www.cheezious.com,https://www.instagram.com/cheeziouspakistan/ (173K followers),https://www.facebook.com/Cheezious/ (uses cheezious.com),https://x.com/cheeziouspak,Confirmed - IG/FB/X verified official
48,Broadway Pizza,Food,Karachi,https://www.broadwaypizza.com.pk,Not verified this pass,Not verified this pass,Not verified this pass,Not verified this pass
49,Student Biryani,Food,Karachi,https://studentbiryani.com,Not verified this pass,Not verified this pass,Not verified this pass,Not verified this pass
50,Bundu Khan,Food,Karachi,https://bundukhan.com,See notes,See notes,Not verified this pass,"Two different chains found: Al-Haaj Bundoo Khan (IG @bundookhanpk 17K, FB facebook.com/bundookhanpk, site alhaajbundookhan.com) vs Bundu Khan Sweets & Bakers (IG @bundukhanpk). Confirm which one before using."
51,Kababjees,Food,Karachi,https://kababjees.com,https://www.instagram.com/kababjees.official/ (95K followers),https://www.facebook.com/kababjees/ (274K likes),Not found,Confirmed - IG/FB verified official
52,Ginsoy,Food,Karachi,https://www.ginsoy.com,https://www.instagram.com/ginsoyextreme/ (52K followers - uses info@ginsoy.com),https://www.facebook.com/Ginsoy/,Not found,Confirmed - IG/FB verified official
53,Nirala Sweets,Food,Lahore,https://nirala.com,Not confidently verified - multiple small/inconsistent accounts,https://www.facebook.com/niralasweets/ (only 6.1K likes - low confidence),Not found,"Flagged: Wikipedia lists original Nirala Sweets company as bankrupt/defunct since 2016, but nirala.com is live. No dominant official social account found. Needs manual verification."
54,Gourmet Bakers,Food,Karachi,https://gourmetpakistan.com,https://www.instagram.com/gourmetpakistanofficial/ (47K followers),https://www.facebook.com/gourmetpakistan/,Not found,Confirmed - IG/FB verified official
55,Rahat Bakers,Food,Lahore,https://rahatbakers.com,Not verified this pass,Not verified this pass,Not found,Not verified this pass
56,Sarhad Sweets & Bakers,Food,Peshawar,https://sarhadbakers.com,Not verified this pass,Not verified this pass,Not found,Not verified this pass
57,Cafe Flo,Food,Lahore,https://cafeflo.com.pk,https://www.instagram.com/cafeflokhi/ (13K followers),https://www.facebook.com/cafeflo/ (74.5K likes),Not found,Confirmed - IG/FB verified official
58,Butlers Chocolate Cafe,Food,Lahore,https://butlerschocolates.pk,https://www.instagram.com/butlerschocspk/ (40K followers),https://www.facebook.com/butlerspk/,Not found,Confirmed - IG/FB verified official
59,Chaaye Khana,Food,Lahore,https://chaayekhana.com,https://www.instagram.com/chaaye_khana/ (55K followers - Islamabad main),https://www.facebook.com/chaayekhana/ (230K likes),Not found,"Confirmed - operates per-branch accounts, this is the closest to a national handle"
60,Espresso,Food,Karachi,https://espresso.com.pk,Not verified,Not verified,Not found,Not verified this pass
61,Tim Hortons Pakistan,Food,Lahore,https://timhortons.com.pk,https://www.instagram.com/timhortonspak/,https://www.facebook.com/timhortonspk/,Not found,Confirmed - IG/FB verified official
62,Second Cup Pakistan,Food,Karachi,Not independently confirmed this pass,https://www.instagram.com/secondcuppakistan/ (57K followers),Not checked this pass,Not found,IG confirmed; FB pending
63,Gloria Jean's Coffees Pakistan,Food,Karachi,https://gloriajeanscoffees.com.pk,Not checked this pass,https://www.facebook.com/GloriaJeansCoffeesPakistan/,Not found,FB confirmed (matches site); IG pending
64,Hardee's Pakistan,Food,Karachi,https://hardeespakistan.com,https://www.instagram.com/hardeespakistan/ (146K followers),https://www.facebook.com/HardeesPakistan/ (712K likes),https://x.com/hardeespk,Confirmed - IG/FB/X verified official
65,KFC Pakistan,Food,Karachi,https://www.kfcpakistan.com,https://www.instagram.com/kfcpakistanofficial/ (493K followers),https://www.facebook.com/KFCPakistan/ (59.7M likes),Not found,Confirmed - IG/FB verified official
66,McDonald's Pakistan,Food,Karachi,https://mcdonalds.com.pk,https://www.instagram.com/mcdonaldspakistan/ (594K followers),https://www.facebook.com/McDonaldsPK/ (82.5M likes),https://x.com/McDonaldsPK,Confirmed - IG/FB/X verified official
67,Pizza Hut Pakistan,Food,Karachi,Not independently confirmed - franchise site varies,https://www.instagram.com/pizzahutpakistan/ (39K followers),https://www.facebook.com/pizzahutpakistan/ (48K likes),Not found,Confirmed - IG/FB verified official (run by Maaks International franchise)
68,Domino's Pakistan,Food,Karachi,https://www.dominos.com.pk,https://www.instagram.com/dominos_pk/ (184K followers),https://www.facebook.com/dominospakistan/,Not found,Confirmed - IG/FB verified official
69,Subway Pakistan,Food,Karachi,Not independently confirmed this pass,IG not confirmed this pass,https://www.facebook.com/subwaypakistan/ (1M likes),Not found,FB confirmed; IG needs check
70,Howdy,Food,Lahore,https://howdy.pk,https://www.instagram.com/howdypakistan/ (144K followers),https://www.facebook.com/howdypakistan/,Not found,Confirmed - IG/FB verified official
71,OPTP (Kolachi Group),Food,Karachi,https://optp.com.pk,Not verified,Not verified,Not found,Not verified this pass
72,Xander's,Food,Karachi,https://home.xanders.pk,https://www.instagram.com/xanderscafe/ (81K followers),https://www.facebook.com/xanderscafe/ (123K likes),Not found,Confirmed - IG/FB verified official
73,Ranchers,Food,Karachi,https://ranchers.com.pk,Not verified,Not verified,Not found,Not verified this pass
74,BBQ Tonight,Food,Karachi,Not independently confirmed this pass,https://www.instagram.com/barbqtonight/ (28K followers),https://www.facebook.com/LoveBbQTonight/ (247K likes),Not found,Confirmed - IG/FB verified official
75,United King,Food,Karachi,Not found this pass,Not found,Not found,Not found,Could not confirm this brand exists as named - no results found. Possible name confusion; verify with the person who supplied this name.
76,Yum Chinese,Food,Karachi,https://yumchinese.com,Not verified,Not verified,Not found,Not verified this pass
77,Faster,Mobile Accessories,Karachi,https://pk.hellofaster.com,https://www.instagram.com/fasterpakistan/,https://www.facebook.com/hellofaster/ (158K likes - matches pk.hellofaster.com),Not found,Confirmed - IG/FB verified official
78,Ronin,Mobile Accessories,Lahore,https://ronin.pk,Not verified,Not verified,Not found,Not verified this pass
79,Air Link Communication,Mobile Accessories,Karachi,https://airlink.com.pk,Not verified,Not verified,Not found,Not verified this pass
80,Remax Pakistan,Mobile Accessories,Karachi,https://remaxpakistan.com,Not verified,Not verified,Not found,Not verified this pass
81,Baseus Pakistan,Mobile Accessories,Karachi,https://baseus.com.pk,Not verified,Not verified,Not found,Not verified this pass
82,Havit Pakistan,Mobile Accessories,Karachi,https://havitpakistan.com,Not verified,Not verified,Not found,Not verified this pass
83,Vidvie Pakistan,Mobile Accessories,Karachi,https://vidvie.pk,Not verified,Not verified,Not found,Not verified this pass
84,Anker Pakistan,Mobile Accessories,Karachi,Ambiguous - two competing distributor sites found (ankerpakistan.com vs ankerofficial.pk),https://www.instagram.com/anker.pakistan/ (8K followers),https://www.facebook.com/AnkerPakistanOfficial/ (45.9K likes),Not found,Flagged: found two different companies both claiming to be Anker's official Pakistan distributor - verify which one before using
85,PTron Pakistan,Mobile Accessories,Karachi,https://ptron.pk,Not verified,Not verified,Not found,Not verified this pass
86,Mi Store Pakistan,Mobile Accessories,Karachi,https://mi-store.pk,Not verified,Not verified,Not found,Not verified this pass
87,Oraimo Pakistan,Mobile Accessories,Karachi,https://oraimo.com/pk,Not verified,Not verified,Not found,Not verified this pass
88,QMobile Accessories,Mobile Accessories,Lahore,https://qmobile.com.pk,Not verified,Not verified,Not found,Not verified this pass
89,Joyroom Pakistan,Mobile Accessories,Karachi,https://joyroom.pk,Not verified,Not verified,Not found,Not verified this pass
90,Green Lion Pakistan,Mobile Accessories,Karachi,https://greenlion.pk,Not verified,Not verified,Not found,Not verified this pass
91,Sifona Denim,Fashion,Karachi,https://sifona.com,Not verified,Not verified,Not found,Not verified this pass
92,Furor,Fashion,Karachi,https://furor.pk,Not verified,Not verified,Not found,Not verified this pass
93,Sabs by Sara,Fashion,Lahore,https://sabsbysara.com,Not verified,Not verified,Not found,Not verified this pass
94,Hang Ten Pakistan,Fashion,Karachi,https://hangten.com.pk,Not verified,Not verified,Not found,Not verified this pass
95,Rangreza,Fashion,Faisalabad,https://rangreza.pk,Not verified,Not verified,Not found,Not verified this pass
96,Nirvana,Food,Lahore,https://nirvana.com.pk,Not verified,Not verified,Not found,Not verified this pass
97,Sattar Buksh,Food,Lahore,https://sattarbuksh.com,Not verified,Not verified,Not found,Not verified this pass
98,Kababish,Food,Karachi,https://kababish.com.pk,Not verified,Not verified,Not found,Not verified this pass
99,Freshly Baked,Food,Lahore,https://freshlybaked.pk,Not verified,Not verified,Not found,Not verified this pass
100,Ovation,Food,Karachi,https://ovation.pk,Not verified,Not verified,Not found,Not verified this pass
,Elan,,,https://elan.pk,https://www.instagram.com/elanofficial/ (2M followers; bridal line @elancouturepk),https://www.facebook.com/elanonline/ (links to elan.pk),Not found,Confirmed - IG/FB verified official
,Yum Chinese & Thai,,,Not independently confirmed this pass,Not checked this pass,https://www.facebook.com/YumIslamabad/ (36.6K likes - Islamabad branch page),Not found,Only found branch-level FB page; needs check for a national handle
